id,corredor_id,carrera_id,general_rank,time,status,age_category
1,1,1,1,16:20:20,Finisher,40-44
2,2,1,2,17:20:21,Finisher,20-34
3,3,1,3,18:57:46,Finisher,20-34
4,4,1,4,20:53:30,Finisher,20-34
5,5,1,5,21:38:51,Finisher,20-34
6,6,1,6,21:51:55,Finisher,20-34
7,7,1,7,22:35:31,Finisher,45-49
8,8,1,8,22:40:00,Finisher,20-34
9,9,1,9,22:50:33,Finisher,20-34
10,10,1,10,23:29:41,Finisher,20-34
11,11,1,11,23:55:46,Finisher,20-34
12,12,1,12,24:07:15,Finisher,45-49
13,13,1,13,24:49:35,Finisher,40-44
14,14,1,14,25:22:54,Finisher,35-39
15,15,1,15,25:51:16,Finisher,50-54
16,16,1,16,26:05:15,Finisher,60-64
17,17,1,17,26:09:40,Finisher,20-34
18,18,1,18,26:20:15,Finisher,20-34
19,19,1,19,27:31:04,Finisher,35-39
20,20,1,20,27:33:39,Finisher,20-34
21,21,1,21,27:38:47,Finisher,40-44
22,22,1,22,27:40:50,Finisher,20-34
23,23,1,23,27:49:56,Finisher,45-49
24,24,1,24,27:59:24,Finisher,20-34
25,25,1,25,28:14:46,Finisher,40-44
26,26,1,26,28:45:15,Finisher,45-49
27,27,1,27,28:51:13,Finisher,20-34
28,28,1,28,29:15:58,Finisher,35-39
29,29,1,29,29:17:39,Finisher,35-39
30,30,1,30,29:22:24,Finisher,45-49
31,31,1,31,30:23:24,Finisher,35-39
32,32,1,32,30:42:36,Finisher,40-44
33,33,1,33,30:50:45,Finisher,20-34
34,34,1,34,30:50:46,Finisher,20-34
35,35,1,35,31:03:15,Finisher,60-64
36,36,1,36,31:17:17,Finisher,20-34
37,37,1,37,31:19:18,Finisher,20-34
38,38,1,38,31:20:35,Finisher,20-34
39,39,1,39,31:33:37,Finisher,50-54
40,40,1,40,31:33:39,Finisher,40-44
41,41,1,41,31:42:04,Finisher,45-49
42,42,1,42,31:46:27,Finisher,40-44
43,43,1,43,31:47:26,Finisher,20-34
44,44,1,44,31:59:45,Finisher,20-34
45,45,1,45,32:02:05,Finisher,35-39
46,46,1,46,32:03:18,Finisher,35-39
47,47,1,47,32:17:43,Finisher,45-49
48,48,1,48,32:21:19,Finisher,20-34
49,49,1,49,32:29:19,Finisher,35-39
50,50,1,50,32:45:35,Finisher,40-44
51,51,1,51,33:33:55,Finisher,50-54
52,52,1,52,33:58:19,Finisher,20-34
53,53,1,53,34:07:41,Finisher,50-54
54,54,1,54,34:08:00,Finisher,35-39
55,55,1,55,34:21:17,Finisher,55-59
56,56,1,56,34:21:34,Finisher,40-44
57,57,1,57,34:26:23,Finisher,45-49
58,58,1,58,34:27:40,Finisher,20-34
59,59,1,59,34:30:19,Finisher,20-34
60,60,1,60,34:34:46,Finisher,50-54
61,61,1,61,34:36:39,Finisher,20-34
62,62,1,62,34:37:19,Finisher,60-64
63,63,1,63,34:38:01,Finisher,40-44
64,64,1,64,34:43:32,Finisher,35-39
65,65,1,65,34:43:54,Finisher,50-54
66,66,1,66,34:49:24,Finisher,40-44
67,67,1,67,34:53:06,Finisher,35-39
68,68,1,68,34:53:38,Finisher,40-44
69,69,1,69,35:06:59,Finisher,50-54
70,70,1,70,35:21:59,Finisher,20-34
71,71,1,71,35:30:57,Finisher,40-44
72,72,1,72,35:45:53,Finisher,40-44
73,73,1,73,35:46:33,Finisher,20-34
74,74,1,74,35:46:34,Finisher,40-44
75,75,1,75,36:28:07,Finisher,35-39
76,76,1,76,36:42:48,Finisher,20-34
77,77,1,,00:00:00,DNF,20-34
78,78,1,,00:00:00,DNF,40-44
79,79,1,,00:00:00,DNF,35-39
80,80,1,,00:00:00,DNF,20-34
81,81,1,,00:00:00,DNF,50-54
82,82,1,,00:00:00,DNF,50-54
83,83,1,,00:00:00,DNF,35-39
84,84,1,,00:00:00,DNF,35-39
85,85,1,,00:00:00,DNF,20-34
86,86,1,,00:00:00,DNF,20-34
87,87,1,,00:00:00,DNF,20-34
88,88,1,,00:00:00,DNF,20-34
89,89,1,,00:00:00,DNF,20-34
90,90,1,,00:00:00,DNF,35-39
91,91,1,,00:00:00,DNF,40-44
92,92,1,,00:00:00,DNF,40-44
93,93,1,,00:00:00,DNF,20-34
94,94,1,,00:00:00,DNF,20-34
95,95,1,,00:00:00,DNF,60-64
96,96,1,,00:00:00,DNF,35-39
97,97,1,,00:00:00,DNF,20-34
98,98,1,,00:00:00,DNF,40-44
99,99,1,,00:00:00,DNF,55-59
100,100,1,,00:00:00,DNF,50-54
101,101,1,,00:00:00,DNF,50-54
102,102,1,,00:00:00,DNF,40-44
103,103,1,,00:00:00,DNF,40-44
104,104,1,,00:00:00,DNF,35-39
105,105,2,1,10:10:29,Finisher,40-44
106,106,2,2,10:23:52,Finisher,20-34
107,107,2,3,10:42:24,Finisher,35-39
108,108,2,4,10:54:29,Finisher,20-34
109,109,2,5,10:56:50,Finisher,45-49
110,110,2,6,11:12:02,Finisher,35-39
111,111,2,7,11:44:27,Finisher,20-34
112,112,2,8,11:53:51,Finisher,35-39
113,113,2,9,11:54:43,Finisher,20-34
114,114,2,10,12:02:54,Finisher,20-34
115,115,2,11,12:04:07,Finisher,35-39
116,116,2,12,12:13:49,Finisher,20-34
117,117,2,13,12:32:50,Finisher,40-44
118,118,2,14,12:33:47,Finisher,20-34
119,119,2,15,13:37:59,Finisher,20-34
120,120,2,16,13:40:40,Finisher,40-44
121,121,2,17,13:45:29,Finisher,20-34
122,122,2,18,13:47:20,Finisher,20-34
123,123,2,19,13:47:49,Finisher,50-54
124,124,2,20,14:00:25,Finisher,20-34
125,125,2,21,14:03:07,Finisher,40-44
126,126,2,22,14:06:40,Finisher,40-44
127,127,2,23,14:06:49,Finisher,20-34
128,128,2,24,14:10:51,Finisher,35-39
129,129,2,25,14:12:30,Finisher,20-34
130,130,2,26,14:17:54,Finisher,45-49
131,131,2,27,14:19:55,Finisher,20-34
132,132,2,28,14:20:22,Finisher,40-44
133,133,2,29,14:23:25,Finisher,40-44
134,134,2,30,14:27:40,Finisher,40-44
135,135,2,31,14:33:02,Finisher,20-34
136,136,2,32,14:38:51,Finisher,40-44
137,137,2,33,14:40:52,Finisher,20-34
138,138,2,34,14:45:26,Finisher,40-44
139,139,2,35,14:51:51,Finisher,35-39
140,140,2,36,14:56:08,Finisher,20-34
141,141,2,37,15:02:45,Finisher,40-44
142,142,2,38,15:04:02,Finisher,45-49
143,143,2,39,15:06:07,Finisher,35-39
144,144,2,40,15:08:27,Finisher,40-44
145,145,2,41,15:09:06,Finisher,35-39
146,146,2,42,15:21:12,Finisher,40-44
147,147,2,43,15:22:24,Finisher,20-34
148,148,2,44,15:27:25,Finisher,20-34
149,149,2,45,15:31:36,Finisher,35-39
150,150,2,46,15:34:21,Finisher,20-34
151,151,2,47,15:42:32,Finisher,35-39
152,152,2,48,16:03:25,Finisher,45-49
153,153,2,49,16:04:55,Finisher,35-39
154,154,2,50,16:05:25,Finisher,20-34
155,155,2,51,16:06:07,Finisher,35-39
156,156,2,52,16:10:45,Finisher,35-39
157,157,2,53,16:20:55,Finisher,35-39
158,158,2,54,16:25:22,Finisher,50-54
159,159,2,55,16:26:09,Finisher,35-39
160,160,2,56,16:36:32,Finisher,20-34
161,161,2,57,16:38:38,Finisher,20-34
162,162,2,58,16:39:49,Finisher,35-39
163,163,2,59,16:48:52,Finisher,20-34
164,164,2,60,16:49:52,Finisher,20-34
165,165,2,61,16:50:34,Finisher,35-39
166,166,2,62,16:50:39,Finisher,40-44
167,167,2,62,16:50:39,Finisher,20-34
168,168,2,64,17:01:43,Finisher,45-49
169,169,2,65,17:03:05,Finisher,35-39
170,170,2,66,17:21:33,Finisher,20-34
171,171,2,67,17:27:49,Finisher,55-59
172,172,2,68,17:33:16,Finisher,40-44
173,173,2,69,17:36:29,Finisher,40-44
174,174,2,70,17:39:38,Finisher,20-34
175,175,2,71,17:39:45,Finisher,20-34
176,176,2,72,17:43:42,Finisher,50-54
177,177,2,73,17:49:03,Finisher,35-39
178,178,2,74,17:53:48,Finisher,45-49
179,179,2,74,17:53:48,Finisher,40-44
180,180,2,76,17:55:47,Finisher,50-54
181,181,2,77,17:58:07,Finisher,35-39
182,182,2,78,17:59:53,Finisher,20-34
183,183,2,79,18:05:27,Finisher,35-39
184,184,2,80,18:07:11,Finisher,35-39
185,185,2,81,18:13:47,Finisher,35-39
186,186,2,81,18:13:47,Finisher,45-49
187,187,2,83,18:13:49,Finisher,20-34
188,188,2,84,18:17:37,Finisher,35-39
189,189,2,85,18:22:15,Finisher,50-54
190,190,2,86,18:31:22,Finisher,50-54
191,191,2,87,18:43:48,Finisher,20-34
192,192,2,88,18:45:26,Finisher,20-34
193,193,2,89,18:47:14,Finisher,20-34
194,194,2,90,18:49:32,Finisher,35-39
195,195,2,91,18:50:40,Finisher,20-34
196,196,2,92,18:55:40,Finisher,40-44
197,197,2,93,19:03:08,Finisher,20-34
198,198,2,94,19:06:53,Finisher,40-44
199,199,2,95,19:08:26,Finisher,40-44
200,200,2,96,19:08:57,Finisher,50-54
201,201,2,97,19:16:05,Finisher,40-44
202,202,2,98,19:22:56,Finisher,40-44
203,203,2,99,19:42:13,Finisher,40-44
204,204,2,100,19:45:52,Finisher,40-44
205,205,2,101,19:53:39,Finisher,50-54
206,206,2,102,19:54:19,Finisher,20-34
207,207,2,103,19:55:05,Finisher,40-44
208,208,2,104,20:02:13,Finisher,35-39
209,209,2,104,20:02:13,Finisher,40-44
210,210,2,106,20:02:43,Finisher,35-39
211,211,2,107,20:09:33,Finisher,40-44
212,212,2,108,20:09:35,Finisher,35-39
213,213,2,108,20:09:35,Finisher,20-34
214,214,2,110,20:14:06,Finisher,45-49
215,215,2,111,20:16:53,Finisher,20-34
216,216,2,112,20:17:06,Finisher,40-44
217,217,2,113,20:23:13,Finisher,20-34
218,218,2,114,20:24:57,Finisher,40-44
219,219,2,115,20:35:05,Finisher,40-44
220,220,2,116,20:35:39,Finisher,60-64
221,221,2,117,20:37:56,Finisher,35-39
222,222,2,118,20:38:03,Finisher,45-49
223,223,2,119,20:43:06,Finisher,20-34
224,224,2,120,20:53:05,Finisher,40-44
225,225,2,121,20:56:12,Finisher,60-64
226,226,2,122,20:57:25,Finisher,20-34
227,227,2,122,20:57:25,Finisher,20-34
228,228,2,124,20:58:57,Finisher,45-49
229,229,2,125,20:58:58,Finisher,20-34
230,230,2,126,21:03:11,Finisher,40-44
231,231,2,127,21:05:28,Finisher,20-34
232,232,2,128,21:13:20,Finisher,35-39
233,233,2,128,21:13:20,Finisher,40-44
234,234,2,130,21:14:57,Finisher,20-34
235,235,2,131,21:21:10,Finisher,35-39
236,236,2,132,21:21:28,Finisher,50-54
237,237,2,133,21:22:25,Finisher,40-44
238,238,2,133,21:22:25,Finisher,40-44
239,239,2,135,21:24:59,Finisher,20-34
240,240,2,136,21:25:00,Finisher,20-34
241,241,2,137,21:35:53,Finisher,60-64
242,242,2,138,21:35:54,Finisher,55-59
243,243,2,139,21:40:55,Finisher,40-44
244,244,2,140,21:41:00,Finisher,45-49
245,245,2,141,21:43:58,Finisher,45-49
246,246,2,142,21:44:07,Finisher,20-34
247,247,2,143,21:44:12,Finisher,40-44
248,248,2,144,21:44:29,Finisher,20-34
249,249,2,145,21:44:43,Finisher,55-59
250,250,2,146,21:51:44,Finisher,40-44
251,251,2,147,21:53:57,Finisher,50-54
252,252,2,148,21:56:53,Finisher,45-49
253,253,2,149,21:56:56,Finisher,35-39
254,254,2,150,22:50:41,Finisher,50-54
255,255,2,151,23:03:54,Finisher,20-34
256,256,2,152,23:51:17,Finisher,45-49
257,257,2,153,24:04:20,Finisher,20-34
258,258,2,154,24:19:10,Finisher,20-34
259,259,2,,00:00:00,DNF,20-34
260,260,2,,00:00:00,DNF,65-69
261,261,2,,00:00:00,DNF,20-34
262,262,2,,00:00:00,DNF,20-34
263,263,2,,00:00:00,DNF,40-44
264,264,2,,00:00:00,DNF,20-34
265,265,2,,00:00:00,DNF,20-34
266,266,2,,00:00:00,DNF,35-39
267,267,2,,00:00:00,DNF,40-44
268,268,2,,00:00:00,DNF,40-44
269,269,2,,00:00:00,DNF,60-64
270,270,2,,00:00:00,DNF,55-59
271,271,2,,00:00:00,DNF,20-34
272,272,2,,00:00:00,DNF,50-54
273,273,2,,00:00:00,DNF,50-54
274,274,2,,00:00:00,DNF,20-34
275,275,2,,00:00:00,DNF,40-44
276,276,2,,00:00:00,DNF,35-39
277,277,2,,00:00:00,DNF,20-34
278,278,2,,00:00:00,DNF,45-49
279,279,2,,00:00:00,DNF,40-44
280,280,2,,00:00:00,DNF,40-44
281,281,2,,00:00:00,DNF,40-44
282,282,2,,00:00:00,DNF,40-44
283,283,2,,00:00:00,DNF,35-39
284,284,2,,00:00:00,DNF,20-34
285,285,2,,00:00:00,DNF,40-44
286,286,2,,00:00:00,DNF,20-34
287,287,3,1,05:20:40,Finisher,40-44
288,288,3,2,05:25:54,Finisher,20-34
289,289,3,2,05:25:54,Finisher,40-44
290,290,3,4,05:26:18,Finisher,20-34
291,291,3,5,05:27:31,Finisher,35-39
292,292,3,6,05:29:44,Finisher,35-39
293,293,3,7,05:40:23,Finisher,20-34
294,294,3,8,05:45:05,Finisher,20-34
295,295,3,9,06:06:51,Finisher,35-39
296,296,3,10,06:07:19,Finisher,40-44
297,297,3,11,06:07:50,Finisher,35-39
298,298,3,12,06:13:48,Finisher,20-34
299,299,3,13,06:19:03,Finisher,20-34
300,300,3,14,06:22:09,Finisher,20-34
301,301,3,15,06:25:33,Finisher,20-34
302,302,3,16,06:30:02,Finisher,20-34
303,303,3,17,06:43:04,Finisher,20-34
304,304,3,18,06:44:15,Finisher,40-44
305,305,3,19,06:49:58,Finisher,U20
306,306,3,20,06:59:16,Finisher,20-34
307,307,3,21,07:03:30,Finisher,20-34
308,308,3,22,07:06:48,Finisher,20-34
309,309,3,23,07:09:20,Finisher,20-34
310,310,3,24,07:10:22,Finisher,20-34
311,311,3,25,07:13:50,Finisher,20-34
312,312,3,26,07:18:05,Finisher,20-34
313,313,3,27,07:22:06,Finisher,20-34
314,314,3,28,07:23:12,Finisher,45-49
315,315,3,29,07:24:49,Finisher,U20
316,316,3,30,07:28:06,Finisher,35-39
317,317,3,31,07:34:14,Finisher,20-34
318,318,3,32,07:36:32,Finisher,20-34
319,319,3,33,07:37:15,Finisher,20-34
320,320,3,34,07:37:46,Finisher,40-44
321,321,3,35,07:42:44,Finisher,35-39
322,322,3,36,07:45:58,Finisher,20-34
323,323,3,37,07:46:06,Finisher,40-44
324,324,3,38,07:47:11,Finisher,40-44
325,325,3,39,07:48:47,Finisher,35-39
326,326,3,40,07:48:55,Finisher,20-34
327,327,3,41,07:50:24,Finisher,45-49
328,328,3,42,07:51:16,Finisher,20-34
329,329,3,43,07:52:31,Finisher,20-34
330,330,3,44,07:52:39,Finisher,35-39
331,331,3,45,07:52:42,Finisher,20-34
332,332,3,46,07:57:58,Finisher,50-54
333,333,3,47,07:58:48,Finisher,50-54
334,334,3,47,07:58:48,Finisher,45-49
335,335,3,49,08:01:52,Finisher,35-39
336,336,3,50,08:02:20,Finisher,40-44
337,337,3,51,08:03:17,Finisher,40-44
338,338,3,52,08:04:38,Finisher,35-39
339,339,3,53,08:04:56,Finisher,35-39
340,340,3,54,08:05:32,Finisher,20-34
341,341,3,55,08:05:40,Finisher,20-34
342,342,3,56,08:05:44,Finisher,50-54
343,343,3,57,08:06:26,Finisher,20-34
344,344,3,58,08:07:52,Finisher,35-39
345,345,3,59,08:09:54,Finisher,45-49
346,346,3,60,08:11:30,Finisher,50-54
347,347,3,61,08:12:10,Finisher,20-34
348,348,3,62,08:12:50,Finisher,20-34
349,349,3,63,08:17:02,Finisher,20-34
350,350,3,64,08:17:04,Finisher,35-39
351,351,3,65,08:21:11,Finisher,45-49
352,352,3,66,08:23:53,Finisher,45-49
353,353,3,67,08:26:51,Finisher,35-39
354,354,3,68,08:28:51,Finisher,20-34
355,355,3,69,08:29:28,Finisher,50-54
356,356,3,70,08:31:30,Finisher,35-39
357,357,3,71,08:33:18,Finisher,20-34
358,358,3,72,08:33:19,Finisher,40-44
359,359,3,73,08:33:51,Finisher,35-39
360,360,3,74,08:34:10,Finisher,40-44
361,361,3,75,08:34:33,Finisher,35-39
362,362,3,76,08:34:53,Finisher,45-49
363,363,3,77,08:38:19,Finisher,35-39
364,364,3,78,08:38:38,Finisher,20-34
365,365,3,79,08:38:40,Finisher,20-34
366,366,3,80,08:39:07,Finisher,20-34
367,367,3,81,08:40:50,Finisher,40-44
368,368,3,82,08:41:26,Finisher,40-44
369,369,3,83,08:43:24,Finisher,20-34
370,370,3,84,08:43:32,Finisher,45-49
371,371,3,85,08:45:36,Finisher,35-39
372,372,3,86,08:48:39,Finisher,20-34
373,373,3,87,08:49:10,Finisher,20-34
374,374,3,88,08:50:36,Finisher,20-34
375,375,3,89,08:51:01,Finisher,35-39
376,376,3,90,08:53:47,Finisher,50-54
377,377,3,91,08:54:23,Finisher,50-54
378,378,3,92,08:55:00,Finisher,35-39
379,379,3,93,08:55:03,Finisher,40-44
380,380,3,94,08:55:07,Finisher,35-39
381,381,3,95,08:55:23,Finisher,35-39
382,382,3,96,08:56:07,Finisher,40-44
383,383,3,96,08:56:07,Finisher,40-44
384,384,3,98,08:56:25,Finisher,20-34
385,385,3,99,08:59:12,Finisher,20-34
386,386,3,100,09:00:44,Finisher,20-34
387,387,3,101,09:01:18,Finisher,20-34
388,388,3,101,09:01:18,Finisher,20-34
389,389,3,103,09:02:11,Finisher,20-34
390,390,3,104,09:03:05,Finisher,20-34
391,391,3,105,09:03:09,Finisher,20-34
392,392,3,106,09:03:25,Finisher,20-34
393,393,3,107,09:03:33,Finisher,20-34
394,394,3,108,09:03:41,Finisher,20-34
395,395,3,109,09:03:50,Finisher,40-44
396,396,3,110,09:06:07,Finisher,20-34
397,397,3,111,09:06:54,Finisher,50-54
398,398,3,112,09:10:27,Finisher,35-39
399,399,3,113,09:10:46,Finisher,20-34
400,400,3,114,09:11:23,Finisher,40-44
401,401,3,115,09:12:17,Finisher,20-34
402,402,3,116,09:12:56,Finisher,20-34
403,403,3,117,09:12:57,Finisher,20-34
404,404,3,117,09:12:57,Finisher,20-34
405,405,3,119,09:14:57,Finisher,45-49
406,406,3,120,09:16:34,Finisher,35-39
407,407,3,121,09:18:26,Finisher,20-34
408,408,3,122,09:18:51,Finisher,35-39
409,409,3,123,09:18:58,Finisher,35-39
410,410,3,124,09:19:18,Finisher,40-44
411,411,3,125,09:20:42,Finisher,40-44
412,412,3,126,09:21:10,Finisher,55-59
413,413,3,127,09:21:46,Finisher,40-44
414,414,3,128,09:21:48,Finisher,35-39
415,415,3,129,09:22:37,Finisher,60-64
416,416,3,130,09:25:06,Finisher,20-34
417,417,3,131,09:25:49,Finisher,45-49
418,418,3,132,09:26:45,Finisher,20-34
419,419,3,133,09:27:27,Finisher,20-34
420,420,3,134,09:27:53,Finisher,20-34
421,421,3,135,09:28:46,Finisher,35-39
422,422,3,136,09:29:03,Finisher,20-34
423,423,3,137,09:29:35,Finisher,20-34
424,424,3,137,09:29:35,Finisher,20-34
425,425,3,139,09:30:36,Finisher,20-34
426,426,3,140,09:31:26,Finisher,20-34
427,427,3,141,09:31:32,Finisher,20-34
428,428,3,142,09:31:52,Finisher,20-34
429,429,3,143,09:31:59,Finisher,20-34
430,430,3,144,09:34:50,Finisher,40-44
431,431,3,145,09:37:31,Finisher,35-39
432,432,3,146,09:37:38,Finisher,20-34
433,433,3,147,09:38:05,Finisher,20-34
434,434,3,148,09:38:19,Finisher,40-44
435,435,3,149,09:38:40,Finisher,20-34
436,436,3,150,09:39:30,Finisher,45-49
437,437,3,151,09:45:48,Finisher,65-69
438,438,3,152,09:49:04,Finisher,45-49
439,439,3,153,09:50:01,Finisher,45-49
440,440,3,154,09:52:59,Finisher,35-39
441,441,3,155,09:53:06,Finisher,20-34
442,442,3,156,09:54:04,Finisher,35-39
443,443,3,157,09:54:16,Finisher,35-39
444,444,3,158,09:54:35,Finisher,35-39
445,445,3,159,09:58:41,Finisher,20-34
446,446,3,160,09:59:03,Finisher,40-44
447,447,3,161,09:59:22,Finisher,20-34
448,448,3,162,10:04:57,Finisher,20-34
449,449,3,163,10:05:41,Finisher,20-34
450,450,3,164,10:07:06,Finisher,20-34
451,451,3,165,10:07:07,Finisher,20-34
452,452,3,166,10:09:47,Finisher,35-39
453,453,3,167,10:10:48,Finisher,35-39
454,454,3,168,10:11:49,Finisher,40-44
455,455,3,169,10:11:50,Finisher,40-44
456,456,3,170,10:12:13,Finisher,20-34
457,457,3,170,10:12:13,Finisher,20-34
458,458,3,172,10:14:06,Finisher,50-54
459,459,3,173,10:14:45,Finisher,40-44
460,460,3,174,10:14:53,Finisher,20-34
461,461,3,175,10:15:37,Finisher,20-34
462,462,3,175,10:15:37,Finisher,40-44
463,463,3,177,10:15:38,Finisher,60-64
464,464,3,178,10:15:48,Finisher,40-44
465,465,3,179,10:15:57,Finisher,40-44
466,466,3,180,10:17:09,Finisher,35-39
467,467,3,181,10:17:27,Finisher,50-54
468,468,3,182,10:17:59,Finisher,45-49
469,469,3,183,10:18:04,Finisher,20-34
470,470,3,184,10:18:21,Finisher,45-49
471,471,3,185,10:18:37,Finisher,45-49
472,472,3,186,10:20:30,Finisher,45-49
473,473,3,187,10:22:11,Finisher,35-39
474,474,3,188,10:22:39,Finisher,20-34
475,475,3,189,10:23:03,Finisher,40-44
476,476,3,190,10:24:18,Finisher,50-54
477,477,3,191,10:24:24,Finisher,40-44
478,478,3,192,10:26:29,Finisher,60-64
479,479,3,193,10:27:24,Finisher,60-64
480,480,3,194,10:29:07,Finisher,20-34
481,481,3,195,10:30:29,Finisher,40-44
482,482,3,196,10:31:44,Finisher,45-49
483,483,3,197,10:31:50,Finisher,35-39
484,484,3,198,10:33:55,Finisher,65-69
485,485,3,199,10:34:29,Finisher,40-44
486,486,3,200,10:34:46,Finisher,20-34
487,487,3,201,10:35:52,Finisher,40-44
488,488,3,202,10:37:10,Finisher,45-49
489,489,3,203,10:37:37,Finisher,40-44
490,490,3,204,10:37:57,Finisher,20-34
491,491,3,205,10:40:20,Finisher,20-34
492,492,3,206,10:41:39,Finisher,20-34
493,493,3,207,10:44:20,Finisher,20-34
494,494,3,208,10:44:41,Finisher,35-39
495,495,3,209,10:44:51,Finisher,50-54
496,496,3,210,10:45:44,Finisher,20-34
497,497,3,211,10:46:20,Finisher,20-34
498,498,3,212,10:46:41,Finisher,20-34
499,499,3,213,10:48:31,Finisher,45-49
500,500,3,214,10:48:48,Finisher,40-44
501,501,3,215,10:49:24,Finisher,50-54
502,502,3,216,10:50:01,Finisher,50-54
503,503,3,216,10:50:01,Finisher,50-54
504,504,3,218,10:53:17,Finisher,35-39
505,505,3,219,10:53:25,Finisher,20-34
506,506,3,220,10:54:24,Finisher,60-64
507,507,3,221,10:56:06,Finisher,20-34
508,508,3,221,10:56:06,Finisher,20-34
509,509,3,223,10:56:26,Finisher,35-39
510,510,3,224,10:57:31,Finisher,35-39
511,511,3,224,10:57:31,Finisher,40-44
512,512,3,226,10:58:10,Finisher,20-34
513,513,3,227,10:58:12,Finisher,40-44
514,514,3,228,10:58:15,Finisher,20-34
515,515,3,229,10:58:24,Finisher,50-54
516,516,3,230,10:59:34,Finisher,35-39
517,517,3,231,10:59:44,Finisher,20-34
518,518,3,232,11:03:08,Finisher,45-49
519,519,3,233,11:04:01,Finisher,45-49
520,520,3,234,11:04:21,Finisher,35-39
521,521,3,235,11:04:51,Finisher,55-59
522,522,3,236,11:04:54,Finisher,40-44
523,523,3,237,11:05:48,Finisher,50-54
524,524,3,238,11:06:47,Finisher,45-49
525,525,3,239,11:07:49,Finisher,35-39
526,526,3,240,11:07:53,Finisher,20-34
527,527,3,241,11:07:56,Finisher,20-34
528,528,3,242,11:08:30,Finisher,55-59
529,529,3,242,11:08:30,Finisher,50-54
530,530,3,244,11:08:53,Finisher,60-64
531,531,3,245,11:09:11,Finisher,50-54
532,532,3,246,11:09:44,Finisher,45-49
533,533,3,247,11:09:54,Finisher,35-39
534,534,3,248,11:10:07,Finisher,35-39
535,535,3,249,11:10:32,Finisher,20-34
536,536,3,250,11:11:08,Finisher,45-49
537,537,3,251,11:12:47,Finisher,45-49
538,538,3,252,11:14:38,Finisher,20-34
539,539,3,253,11:14:47,Finisher,50-54
540,540,3,254,11:16:05,Finisher,40-44
541,541,3,255,11:18:12,Finisher,40-44
542,542,3,256,11:19:58,Finisher,50-54
543,543,3,257,11:21:02,Finisher,45-49
544,544,3,258,11:21:15,Finisher,60-64
545,545,3,259,11:21:29,Finisher,40-44
546,546,3,260,11:25:20,Finisher,20-34
547,547,3,261,11:29:15,Finisher,20-34
548,548,3,262,11:29:57,Finisher,20-34
549,549,3,263,11:30:20,Finisher,35-39
550,550,3,264,11:30:36,Finisher,20-34
551,551,3,265,11:31:52,Finisher,40-44
552,552,3,266,11:32:01,Finisher,20-34
553,553,3,267,11:32:31,Finisher,20-34
554,554,3,268,11:32:50,Finisher,50-54
555,555,3,269,11:34:09,Finisher,35-39
556,556,3,270,11:35:02,Finisher,40-44
557,557,3,271,11:35:28,Finisher,20-34
558,558,3,272,11:35:29,Finisher,20-34
559,559,3,273,11:35:36,Finisher,20-34
560,560,3,274,11:39:07,Finisher,20-34
561,561,3,275,11:39:10,Finisher,20-34
562,562,3,276,11:39:12,Finisher,45-49
563,563,3,277,11:43:45,Finisher,35-39
564,564,3,278,11:43:51,Finisher,20-34
565,565,3,279,11:44:19,Finisher,20-34
566,566,3,280,11:45:03,Finisher,40-44
567,567,3,281,11:45:59,Finisher,45-49
568,568,3,282,11:49:51,Finisher,40-44
569,569,3,283,11:50:05,Finisher,20-34
570,570,3,284,11:50:54,Finisher,20-34
571,571,3,285,11:52:36,Finisher,45-49
572,572,3,286,11:53:03,Finisher,45-49
573,573,3,287,11:54:55,Finisher,55-59
574,574,3,288,11:55:18,Finisher,45-49
575,575,3,289,11:57:46,Finisher,40-44
576,576,3,290,11:59:11,Finisher,20-34
577,577,3,291,12:00:19,Finisher,50-54
578,578,3,292,12:01:04,Finisher,20-34
579,579,3,293,12:02:38,Finisher,60-64
580,580,3,294,12:03:07,Finisher,35-39
581,581,3,295,12:05:19,Finisher,50-54
582,582,3,296,12:06:22,Finisher,20-34
583,583,3,297,12:06:35,Finisher,45-49
584,584,3,298,12:07:29,Finisher,45-49
585,585,3,299,12:08:40,Finisher,40-44
586,586,3,300,12:12:00,Finisher,20-34
587,587,3,301,12:12:31,Finisher,60-64
588,588,3,302,12:12:48,Finisher,40-44
589,589,3,303,12:13:50,Finisher,20-34
590,590,3,304,12:14:29,Finisher,20-34
591,591,3,304,12:14:29,Finisher,20-34
592,592,3,306,12:16:05,Finisher,45-49
593,593,3,307,12:16:06,Finisher,45-49
594,594,3,307,12:16:06,Finisher,20-34
595,595,3,309,12:17:19,Finisher,45-49
596,596,3,310,12:18:44,Finisher,45-49
597,597,3,311,12:18:45,Finisher,35-39
598,598,3,312,12:19:34,Finisher,55-59
599,599,3,313,12:21:54,Finisher,55-59
600,600,3,314,12:26:11,Finisher,55-59
601,601,3,314,12:26:11,Finisher,U20
602,602,3,314,12:26:11,Finisher,20-34
603,603,3,317,12:28:13,Finisher,50-54
604,604,3,318,12:29:57,Finisher,20-34
605,605,3,319,12:32:07,Finisher,20-34
606,606,3,320,12:34:08,Finisher,50-54
607,607,3,321,12:34:55,Finisher,50-54
608,608,3,322,12:36:18,Finisher,55-59
609,609,3,323,12:38:19,Finisher,20-34
610,610,3,324,12:38:46,Finisher,20-34
611,611,3,325,12:39:51,Finisher,45-49
612,612,3,326,12:40:23,Finisher,60-64
613,613,3,327,12:40:36,Finisher,40-44
614,614,3,328,12:41:49,Finisher,50-54
615,615,3,329,12:44:15,Finisher,35-39
616,616,3,330,12:44:32,Finisher,55-59
617,617,3,331,12:46:18,Finisher,50-54
618,618,3,332,12:47:22,Finisher,20-34
619,619,3,333,12:49:26,Finisher,20-34
620,620,3,333,12:49:26,Finisher,20-34
621,621,3,335,12:50:29,Finisher,20-34
622,622,3,336,12:50:49,Finisher,20-34
623,623,3,337,12:53:01,Finisher,35-39
624,624,3,338,12:53:35,Finisher,50-54
625,625,3,339,12:54:23,Finisher,50-54
626,626,3,340,13:03:16,Finisher,45-49
627,627,3,341,13:03:43,Finisher,20-34
628,628,3,342,13:03:44,Finisher,55-59
629,629,3,343,13:08:43,Finisher,20-34
630,630,3,344,13:35:32,Finisher,40-44
631,631,3,,00:00:00,DNF,65-69
632,632,3,,00:00:00,DNF,50-54
633,633,3,,00:00:00,DNF,20-34
634,634,3,,00:00:00,DNF,50-54
635,635,3,,00:00:00,DNF,45-49
636,636,3,,00:00:00,DNF,45-49
637,637,3,,00:00:00,DNF,45-49
638,638,3,,00:00:00,DNF,65-69
639,639,3,,00:00:00,DNF,35-39
640,640,3,,00:00:00,DNF,20-34
641,641,3,,00:00:00,DNF,40-44
642,642,3,,00:00:00,DNF,45-49
643,643,3,,00:00:00,DNF,55-59
644,644,3,,00:00:00,DNF,20-34
645,645,3,,00:00:00,DNF,45-49
646,646,3,,00:00:00,DNF,20-34
647,647,3,,00:00:00,DNF,20-34
648,648,3,,00:00:00,DNF,35-39
649,649,3,,00:00:00,DNF,45-49
650,650,3,,00:00:00,DNF,20-34
651,651,3,,00:00:00,DNF,20-34
652,652,3,,00:00:00,DNF,20-34
653,653,3,,00:00:00,DNF,80+
654,654,3,,00:00:00,DNF,40-44
655,655,3,,00:00:00,DNF,55-59
656,656,3,,00:00:00,DNF,40-44
657,657,3,,00:00:00,DNF,35-39
658,658,3,,00:00:00,DNF,20-34
659,659,3,,00:00:00,DNF,35-39
660,660,3,,00:00:00,DNF,20-34
661,661,3,,00:00:00,DNF,35-39
662,662,3,,00:00:00,DNF,40-44
663,663,3,,00:00:00,DNF,50-54
664,664,3,,00:00:00,DNF,35-39
665,665,3,,00:00:00,DNF,50-54
666,666,3,,00:00:00,DNF,45-49
667,667,3,,00:00:00,DNF,40-44
668,668,3,,00:00:00,DNF,20-34
669,669,4,1,03:01:56,Finisher,20-34
670,670,4,2,03:26:26,Finisher,20-34
671,671,4,3,03:46:08,Finisher,20-34
672,672,4,4,03:57:43,Finisher,20-34
673,673,4,5,04:01:50,Finisher,40-44
674,674,4,6,04:04:47,Finisher,20-34
675,675,4,7,04:06:02,Finisher,20-34
676,676,4,8,04:06:18,Finisher,20-34
677,677,4,9,04:06:22,Finisher,20-34
678,678,4,10,04:06:37,Finisher,20-34
679,679,4,11,04:06:47,Finisher,20-34
680,680,4,12,04:12:07,Finisher,35-39
681,681,4,13,04:15:14,Finisher,20-34
682,682,4,14,04:18:28,Finisher,40-44
683,683,4,15,04:26:13,Finisher,20-34
684,684,4,16,04:28:18,Finisher,U20
685,685,4,17,04:28:35,Finisher,35-39
686,686,4,18,04:30:50,Finisher,50-54
687,687,4,19,04:32:48,Finisher,45-49
688,688,4,20,04:33:29,Finisher,50-54
689,689,4,21,04:34:48,Finisher,40-44
690,690,4,22,04:38:18,Finisher,20-34
691,691,4,23,04:39:29,Finisher,20-34
692,692,4,24,04:41:34,Finisher,35-39
693,693,4,25,04:42:42,Finisher,20-34
694,694,4,26,04:42:58,Finisher,20-34
695,695,4,26,04:42:58,Finisher,20-34
696,696,4,28,04:43:27,Finisher,20-34
697,697,4,29,04:43:55,Finisher,20-34
698,698,4,30,04:44:56,Finisher,40-44
699,699,4,31,04:45:46,Finisher,20-34
700,700,4,32,04:46:33,Finisher,20-34
701,701,4,33,04:46:47,Finisher,40-44
702,702,4,34,04:47:53,Finisher,35-39
703,703,4,35,04:48:53,Finisher,20-34
704,704,4,36,04:49:24,Finisher,35-39
705,705,4,37,04:52:37,Finisher,35-39
706,706,4,38,04:59:01,Finisher,20-34
707,707,4,39,04:59:32,Finisher,35-39
708,708,4,40,04:59:50,Finisher,20-34
709,709,4,41,05:00:20,Finisher,40-44
710,710,4,42,05:00:57,Finisher,20-34
711,711,4,43,05:01:51,Finisher,40-44
712,712,4,44,05:03:28,Finisher,20-34
713,713,4,45,05:05:19,Finisher,20-34
714,714,4,46,05:09:21,Finisher,20-34
715,715,4,47,05:10:50,Finisher,20-34
716,716,4,48,05:12:19,Finisher,60-64
717,717,4,49,05:13:33,Finisher,20-34
718,718,4,50,05:14:05,Finisher,20-34
719,719,4,51,05:14:11,Finisher,20-34
720,720,4,52,05:14:16,Finisher,40-44
721,721,4,53,05:14:34,Finisher,20-34
722,722,4,54,05:15:53,Finisher,35-39
723,723,4,55,05:16:03,Finisher,20-34
724,724,4,55,05:16:03,Finisher,20-34
725,725,4,57,05:17:32,Finisher,20-34
726,726,4,58,05:17:42,Finisher,20-34
727,727,4,59,05:17:59,Finisher,20-34
728,728,4,60,05:18:08,Finisher,20-34
729,729,4,61,05:20:27,Finisher,35-39
730,730,4,62,05:21:11,Finisher,40-44
731,731,4,63,05:22:12,Finisher,40-44
732,732,4,64,05:22:48,Finisher,20-34
733,733,4,65,05:23:30,Finisher,20-34
734,734,4,66,05:26:56,Finisher,40-44
735,735,4,67,05:28:07,Finisher,40-44
736,736,4,68,05:28:55,Finisher,40-44
737,737,4,69,05:29:50,Finisher,20-34
738,738,4,70,05:29:58,Finisher,35-39
739,739,4,71,05:29:59,Finisher,20-34
740,740,4,72,05:30:41,Finisher,20-34
741,741,4,73,05:31:21,Finisher,40-44
742,742,4,74,05:32:51,Finisher,20-34
743,743,4,75,05:34:35,Finisher,20-34
744,744,4,76,05:34:57,Finisher,20-34
745,745,4,77,05:36:14,Finisher,45-49
746,746,4,78,05:38:29,Finisher,20-34
747,747,4,79,05:39:20,Finisher,35-39
748,748,4,80,05:39:33,Finisher,40-44
749,749,4,81,05:39:38,Finisher,20-34
750,750,4,82,05:39:39,Finisher,20-34
751,751,4,83,05:40:10,Finisher,20-34
752,752,4,84,05:42:09,Finisher,40-44
753,753,4,85,05:42:43,Finisher,20-34
754,754,4,86,05:43:00,Finisher,20-34
755,755,4,87,05:43:29,Finisher,20-34
756,756,4,88,05:44:39,Finisher,20-34
757,757,4,89,05:46:42,Finisher,20-34
758,758,4,90,05:47:04,Finisher,45-49
759,759,4,91,05:47:17,Finisher,20-34
760,760,4,92,05:48:35,Finisher,35-39
761,761,4,93,05:49:19,Finisher,35-39
762,762,4,94,05:49:23,Finisher,40-44
763,763,4,95,05:50:02,Finisher,35-39
764,764,4,96,05:52:41,Finisher,20-34
765,765,4,97,05:53:24,Finisher,35-39
766,766,4,98,05:54:15,Finisher,35-39
767,767,4,99,05:54:52,Finisher,20-34
768,768,4,100,05:55:03,Finisher,20-34
769,769,4,101,05:56:05,Finisher,20-34
770,770,4,102,05:58:16,Finisher,35-39
771,771,4,103,05:59:01,Finisher,20-34
772,772,4,104,05:59:55,Finisher,20-34
773,773,4,105,06:00:10,Finisher,35-39
774,774,4,106,06:00:23,Finisher,45-49
775,775,4,107,06:00:55,Finisher,45-49
776,776,4,108,06:01:02,Finisher,35-39
777,777,4,109,06:01:04,Finisher,20-34
778,778,4,110,06:01:31,Finisher,40-44
779,779,4,111,06:01:32,Finisher,20-34
780,780,4,112,06:01:39,Finisher,35-39
781,781,4,113,06:02:51,Finisher,35-39
782,782,4,114,06:04:28,Finisher,40-44
783,783,4,115,06:04:43,Finisher,45-49
784,784,4,116,06:05:21,Finisher,35-39
785,785,4,117,06:06:40,Finisher,35-39
786,786,4,118,06:09:22,Finisher,20-34
787,787,4,119,06:09:53,Finisher,35-39
788,788,4,120,06:11:40,Finisher,45-49
789,789,4,121,06:11:58,Finisher,40-44
790,790,4,122,06:13:08,Finisher,20-34
791,791,4,123,06:13:58,Finisher,45-49
792,792,4,124,06:14:17,Finisher,20-34
793,793,4,125,06:17:23,Finisher,45-49
794,794,4,126,06:18:52,Finisher,45-49
795,795,4,127,06:21:47,Finisher,20-34
796,796,4,128,06:21:48,Finisher,40-44
797,797,4,129,06:22:48,Finisher,20-34
798,798,4,130,06:24:05,Finisher,40-44
799,799,4,131,06:24:33,Finisher,45-49
800,800,4,132,06:25:07,Finisher,20-34
801,801,4,133,06:25:29,Finisher,45-49
802,802,4,134,06:26:48,Finisher,55-59
803,803,4,135,06:26:51,Finisher,35-39
804,804,4,135,06:26:51,Finisher,35-39
805,805,4,137,06:28:09,Finisher,45-49
806,806,4,138,06:28:40,Finisher,20-34
807,807,4,139,06:30:43,Finisher,40-44
808,808,4,140,06:31:05,Finisher,20-34
809,809,4,141,06:31:42,Finisher,60-64
810,810,4,142,06:31:58,Finisher,20-34
811,811,4,143,06:32:47,Finisher,45-49
812,812,4,144,06:32:55,Finisher,20-34
813,813,4,145,06:35:19,Finisher,35-39
814,814,4,146,06:35:38,Finisher,20-34
815,815,4,147,06:35:59,Finisher,20-34
816,816,4,148,06:38:17,Finisher,40-44
817,817,4,149,06:38:48,Finisher,50-54
818,818,4,150,06:42:00,Finisher,35-39
819,819,4,151,06:44:09,Finisher,40-44
820,820,4,152,06:45:27,Finisher,60-64
821,821,4,153,06:46:32,Finisher,35-39
822,822,4,154,06:48:43,Finisher,35-39
823,823,4,155,06:49:37,Finisher,20-34
824,824,4,156,06:49:38,Finisher,20-34
825,825,4,157,06:49:47,Finisher,20-34
826,826,4,158,06:50:10,Finisher,40-44
827,827,4,159,06:50:33,Finisher,45-49
828,828,4,159,06:50:33,Finisher,55-59
829,829,4,161,06:51:23,Finisher,35-39
830,830,4,162,06:51:46,Finisher,20-34
831,831,4,163,06:52:24,Finisher,40-44
832,832,4,164,06:52:38,Finisher,40-44
833,833,4,165,06:52:55,Finisher,20-34
834,834,4,166,06:53:08,Finisher,35-39
835,835,4,167,06:53:41,Finisher,45-49
836,836,4,168,06:55:22,Finisher,20-34
837,837,4,169,06:55:53,Finisher,20-34
838,838,4,170,06:58:20,Finisher,20-34
839,839,4,171,06:59:06,Finisher,35-39
840,840,4,172,06:59:12,Finisher,20-34
841,841,4,173,07:01:40,Finisher,45-49
842,842,4,174,07:04:14,Finisher,60-64
843,843,4,175,07:08:46,Finisher,45-49
844,844,4,175,07:08:46,Finisher,40-44
845,845,4,177,07:09:31,Finisher,40-44
846,846,4,178,07:10:40,Finisher,40-44
847,847,4,179,07:11:53,Finisher,40-44
848,848,4,180,07:12:06,Finisher,55-59
849,849,4,181,07:12:16,Finisher,40-44
850,850,4,182,07:12:19,Finisher,20-34
851,851,4,183,07:16:12,Finisher,20-34
852,852,4,183,07:16:12,Finisher,40-44
853,853,4,185,07:19:03,Finisher,45-49
854,854,4,186,07:19:05,Finisher,35-39
855,855,4,187,07:19:26,Finisher,35-39
856,856,4,188,07:19:31,Finisher,55-59
857,857,4,189,07:21:25,Finisher,40-44
858,858,4,190,07:22:05,Finisher,50-54
859,859,4,191,07:23:29,Finisher,45-49
860,860,4,192,07:24:39,Finisher,20-34
861,861,4,193,07:29:19,Finisher,45-49
862,862,4,194,07:30:45,Finisher,45-49
863,863,4,195,07:31:10,Finisher,20-34
864,864,4,196,07:31:35,Finisher,50-54
865,865,4,197,07:31:48,Finisher,20-34
866,866,4,198,07:31:55,Finisher,20-34
867,867,4,199,07:31:57,Finisher,35-39
868,868,4,200,07:32:09,Finisher,40-44
869,869,4,201,07:34:17,Finisher,20-34
870,870,4,202,07:34:20,Finisher,20-34
871,871,4,203,07:36:08,Finisher,35-39
872,872,4,203,07:36:08,Finisher,35-39
873,873,4,205,07:37:01,Finisher,40-44
874,874,4,206,07:37:04,Finisher,60-64
875,875,4,207,07:37:52,Finisher,45-49
876,876,4,208,07:40:19,Finisher,45-49
877,877,4,209,07:41:13,Finisher,45-49
878,878,4,210,07:42:34,Finisher,45-49
879,879,4,211,07:42:48,Finisher,20-34
880,880,4,212,07:43:57,Finisher,45-49
881,881,4,213,07:44:02,Finisher,20-34
882,882,4,213,07:44:02,Finisher,20-34
883,883,4,215,07:45:47,Finisher,60-64
884,884,4,216,07:45:53,Finisher,20-34
885,885,4,217,07:45:56,Finisher,35-39
886,886,4,218,07:47:29,Finisher,40-44
887,887,4,219,07:48:23,Finisher,45-49
888,888,4,220,07:48:42,Finisher,40-44
889,889,4,221,07:50:03,Finisher,20-34
890,890,4,222,07:51:57,Finisher,45-49
891,891,4,223,07:51:58,Finisher,35-39
892,892,4,224,07:54:44,Finisher,20-34
893,893,4,225,07:54:59,Finisher,20-34
894,894,4,226,07:55:00,Finisher,50-54
895,895,4,227,07:55:14,Finisher,20-34
896,896,4,228,07:55:17,Finisher,20-34
897,897,4,229,07:57:19,Finisher,20-34
898,898,4,230,07:57:34,Finisher,40-44
899,899,4,231,07:57:44,Finisher,65-69
900,900,4,232,08:00:52,Finisher,50-54
901,901,4,233,08:05:32,Finisher,65-69
902,902,4,234,08:06:28,Finisher,40-44
903,903,4,235,08:08:17,Finisher,35-39
904,904,4,236,08:09:09,Finisher,40-44
905,905,4,237,08:12:41,Finisher,20-34
906,906,4,238,08:14:50,Finisher,20-34
907,907,4,238,08:14:50,Finisher,55-59
908,908,4,240,08:37:43,Finisher,35-39
909,909,4,240,08:37:43,Finisher,40-44
910,910,4,242,08:49:42,Finisher,60-64
911,911,4,243,08:50:39,Finisher,60-64
912,912,4,244,08:52:35,Finisher,50-54
913,913,4,244,08:52:35,Finisher,20-34
914,914,4,,00:00:00,DNF,40-44
915,915,4,,00:00:00,DNF,40-44
916,916,4,,00:00:00,DNF,40-44
917,917,4,,00:00:00,DNF,40-44
918,918,4,,00:00:00,DNF,55-59
919,919,4,,00:00:00,DNF,50-54
920,920,4,,00:00:00,DNF,65-69
921,921,4,,00:00:00,DNF,35-39
922,922,4,,00:00:00,DNF,35-39
923,923,4,,00:00:00,DNF,65-69
924,924,4,,00:00:00,DNF,75-79
925,925,4,,00:00:00,DNF,20-34
926,926,4,,00:00:00,DNF,20-34
927,927,4,,00:00:00,DNF,40-44
928,928,4,,00:00:00,DNF,35-39
929,929,4,,00:00:00,DNF,35-39
930,930,4,,00:00:00,DNF,20-34
931,931,4,,00:00:00,DNF,55-59
932,932,4,,00:00:00,DNF,20-34
933,933,4,,00:00:00,DNF,45-49
934,934,4,,00:00:00,DNF,20-34
935,935,4,,00:00:00,DNF,50-54
936,936,4,,00:00:00,DNF,50-54
937,937,4,,00:00:00,DNF,45-49
938,938,4,,00:00:00,DNF,40-44
939,939,4,,00:00:00,DNF,20-34
940,940,4,,00:00:00,DNF,45-49
941,941,4,,00:00:00,DNF,60-64
942,942,4,,00:00:00,DNF,20-34
943,943,5,1,01:39:58,Finisher,35-39
944,944,5,2,01:40:16,Finisher,20-34
945,945,5,3,01:40:47,Finisher,35-39
946,946,5,4,01:40:48,Finisher,20-34
947,947,5,5,01:42:42,Finisher,20-34
948,948,5,6,01:43:05,Finisher,35-39
949,949,5,7,01:43:37,Finisher,60-64
950,950,5,8,01:50:20,Finisher,35-39
951,951,5,9,02:02:56,Finisher,50-54
952,952,5,9,02:02:56,Finisher,20-34
953,953,5,11,02:05:40,Finisher,20-34
954,954,5,12,02:07:35,Finisher,20-34
955,955,5,13,02:07:53,Finisher,20-34
956,956,5,14,02:09:36,Finisher,20-34
957,957,5,15,02:11:18,Finisher,35-39
958,958,5,16,02:13:24,Finisher,40-44
959,959,5,17,02:14:18,Finisher,20-34
960,960,5,18,02:14:36,Finisher,50-54
961,961,5,19,02:15:45,Finisher,20-34
962,962,5,20,02:15:53,Finisher,20-34
963,963,5,21,02:15:56,Finisher,45-49
964,964,5,22,02:16:20,Finisher,50-54
965,965,5,23,02:16:37,Finisher,20-34
966,966,5,24,02:19:48,Finisher,20-34
967,967,5,25,02:20:04,Finisher,20-34
968,968,5,26,02:20:27,Finisher,35-39
969,969,5,27,02:22:02,Finisher,35-39
970,970,5,28,02:23:28,Finisher,20-34
971,971,5,29,02:23:31,Finisher,20-34
972,972,5,30,02:24:00,Finisher,20-34
973,973,5,31,02:25:32,Finisher,55-59
974,974,5,32,02:25:35,Finisher,20-34
975,975,5,33,02:26:02,Finisher,20-34
976,976,5,34,02:26:17,Finisher,35-39
977,977,5,35,02:26:45,Finisher,20-34
978,978,5,36,02:27:25,Finisher,40-44
979,979,5,37,02:27:44,Finisher,35-39
980,980,5,38,02:27:50,Finisher,50-54
981,981,5,39,02:29:05,Finisher,20-34
982,982,5,40,02:29:20,Finisher,20-34
983,983,5,41,02:29:21,Finisher,20-34
984,984,5,42,02:29:29,Finisher,45-49
985,985,5,43,02:29:32,Finisher,20-34
986,986,5,44,02:30:48,Finisher,35-39
987,987,5,45,02:31:33,Finisher,U20
988,988,5,46,02:32:35,Finisher,45-49
989,989,5,47,02:33:03,Finisher,40-44
990,990,5,48,02:33:22,Finisher,40-44
991,991,5,49,02:33:46,Finisher,20-34
992,992,5,50,02:34:03,Finisher,35-39
993,993,5,51,02:34:14,Finisher,55-59
994,994,5,52,02:34:54,Finisher,50-54
995,995,5,53,02:35:45,Finisher,20-34
996,996,5,54,02:35:49,Finisher,35-39
997,997,5,55,02:35:58,Finisher,U18
998,998,5,56,02:36:00,Finisher,20-34
999,999,5,57,02:36:32,Finisher,50-54
1000,1000,5,58,02:37:14,Finisher,U20
1001,1001,5,59,02:37:25,Finisher,65-69
1002,1002,5,60,02:37:27,Finisher,35-39
1003,1003,5,61,02:38:22,Finisher,U20
1004,1004,5,62,02:38:29,Finisher,45-49
1005,1005,5,63,02:39:00,Finisher,65-69
1006,1006,5,64,02:39:08,Finisher,55-59
1007,1007,5,65,02:40:23,Finisher,50-54
1008,1008,5,66,02:40:26,Finisher,35-39
1009,1009,5,67,02:40:38,Finisher,45-49
1010,1010,5,68,02:40:40,Finisher,20-34
1011,1011,5,69,02:40:42,Finisher,20-34
1012,1012,5,70,02:40:49,Finisher,20-34
1013,1013,5,70,02:40:49,Finisher,20-34
1014,1014,5,72,02:41:07,Finisher,45-49
1015,1015,5,73,02:41:08,Finisher,50-54
1016,1016,5,74,02:41:47,Finisher,20-34
1017,1017,5,74,02:41:47,Finisher,U18
1018,1018,5,76,02:41:51,Finisher,40-44
1019,1019,5,77,02:42:07,Finisher,50-54
1020,1020,5,78,02:42:26,Finisher,40-44
1021,1021,5,79,02:43:23,Finisher,35-39
1022,1022,5,80,02:43:28,Finisher,20-34
1023,1023,5,81,02:43:49,Finisher,35-39
1024,1024,5,82,02:43:52,Finisher,20-34
1025,1025,5,83,02:43:57,Finisher,20-34
1026,1026,5,84,02:44:10,Finisher,35-39
1027,1027,5,85,02:44:13,Finisher,20-34
1028,1028,5,86,02:44:50,Finisher,20-34
1029,1029,5,87,02:44:56,Finisher,45-49
1030,1030,5,88,02:45:27,Finisher,35-39
1031,1031,5,89,02:45:50,Finisher,35-39
1032,1032,5,90,02:45:58,Finisher,20-34
1033,1033,5,91,02:46:00,Finisher,40-44
1034,1034,5,92,02:46:07,Finisher,45-49
1035,1035,5,93,02:46:21,Finisher,20-34
1036,1036,5,94,02:46:36,Finisher,20-34
1037,1037,5,95,02:46:41,Finisher,40-44
1038,1038,5,96,02:47:57,Finisher,20-34
1039,1039,5,97,02:47:59,Finisher,40-44
1040,1040,5,98,02:48:26,Finisher,20-34
1041,1041,5,99,02:48:54,Finisher,35-39
1042,1042,5,100,02:49:05,Finisher,20-34
1043,1043,5,101,02:49:13,Finisher,20-34
1044,1044,5,102,02:49:20,Finisher,20-34
1045,1045,5,103,02:50:01,Finisher,20-34
1046,1046,5,104,02:50:09,Finisher,50-54
1047,1047,5,105,02:50:14,Finisher,20-34
1048,1048,5,106,02:51:17,Finisher,35-39
1049,1049,5,107,02:51:25,Finisher,40-44
1050,1050,5,108,02:52:12,Finisher,20-34
1051,1051,5,109,02:52:13,Finisher,45-49
1052,1052,5,110,02:52:31,Finisher,20-34
1053,1053,5,111,02:52:42,Finisher,40-44
1054,1054,5,112,02:52:56,Finisher,U18
1055,1055,5,113,02:53:02,Finisher,20-34
1056,1056,5,114,02:53:17,Finisher,40-44
1057,1057,5,115,02:53:31,Finisher,55-59
1058,1058,5,116,02:53:44,Finisher,35-39
1059,1059,5,117,02:53:47,Finisher,20-34
1060,1060,5,118,02:53:51,Finisher,20-34
1061,1061,5,119,02:54:17,Finisher,35-39
1062,1062,5,120,02:55:09,Finisher,20-34
1063,1063,5,121,02:56:16,Finisher,40-44
1064,1064,5,122,02:57:21,Finisher,35-39
1065,1065,5,123,02:57:35,Finisher,20-34
1066,1066,5,124,02:57:38,Finisher,45-49
1067,1067,5,125,02:57:44,Finisher,45-49
1068,1068,5,126,02:58:13,Finisher,55-59
1069,1069,5,127,02:59:07,Finisher,35-39
1070,1070,5,128,02:59:26,Finisher,40-44
1071,1071,5,129,02:59:36,Finisher,20-34
1072,1072,5,130,02:59:39,Finisher,50-54
1073,1073,5,131,02:59:44,Finisher,35-39
1074,1074,5,132,03:00:43,Finisher,60-64
1075,1075,5,133,03:00:48,Finisher,20-34
1076,1076,5,134,03:01:49,Finisher,45-49
1077,1077,5,135,03:02:19,Finisher,35-39
1078,1078,5,136,03:02:33,Finisher,45-49
1079,1079,5,137,03:02:38,Finisher,40-44
1080,1080,5,137,03:02:38,Finisher,20-34
1081,1081,5,139,03:03:14,Finisher,20-34
1082,1082,5,140,03:03:25,Finisher,20-34
1083,1083,5,141,03:04:01,Finisher,20-34
1084,1084,5,142,03:04:04,Finisher,55-59
1085,1085,5,143,03:05:02,Finisher,35-39
1086,1086,5,144,03:05:06,Finisher,55-59
1087,1087,5,145,03:05:49,Finisher,U20
1088,1088,5,146,03:06:14,Finisher,35-39
1089,1089,5,147,03:08:28,Finisher,35-39
1090,1090,5,148,03:09:02,Finisher,40-44
1091,1091,5,149,03:09:09,Finisher,35-39
1092,1092,5,150,03:09:11,Finisher,40-44
1093,1093,5,151,03:09:29,Finisher,50-54
1094,1094,5,152,03:10:09,Finisher,20-34
1095,1095,5,153,03:10:36,Finisher,40-44
1096,1096,5,154,03:10:38,Finisher,50-54
1097,1097,5,155,03:11:03,Finisher,20-34
1098,1098,5,156,03:11:15,Finisher,U18
1099,1099,5,157,03:11:47,Finisher,20-34
1100,1100,5,158,03:12:11,Finisher,45-49
1101,1101,5,159,03:12:53,Finisher,20-34
1102,1102,5,160,03:13:22,Finisher,40-44
1103,1103,5,161,03:13:28,Finisher,20-34
1104,1104,5,162,03:13:34,Finisher,20-34
1105,1105,5,163,03:13:35,Finisher,20-34
1106,1106,5,164,03:14:26,Finisher,40-44
1107,1107,5,165,03:14:57,Finisher,60-64
1108,1108,5,166,03:14:58,Finisher,55-59
1109,1109,5,167,03:15:15,Finisher,20-34
1110,1110,5,168,03:15:16,Finisher,40-44
1111,1111,5,168,03:15:16,Finisher,35-39
1112,1112,5,170,03:15:17,Finisher,40-44
1113,1113,5,171,03:15:45,Finisher,U18
1114,1114,5,172,03:15:53,Finisher,20-34
1115,1115,5,173,03:15:54,Finisher,45-49
1116,1116,5,174,03:16:12,Finisher,35-39
1117,1117,5,175,03:16:17,Finisher,20-34
1118,1118,5,176,03:17:24,Finisher,40-44
1119,1119,5,177,03:17:53,Finisher,55-59
1120,1120,5,178,03:17:55,Finisher,20-34
1121,1121,5,179,03:18:11,Finisher,20-34
1122,1122,5,180,03:18:42,Finisher,20-34
1123,1123,5,181,03:18:43,Finisher,20-34
1124,1124,5,182,03:18:50,Finisher,20-34
1125,1125,5,184,03:19:05,Finisher,20-34
1126,1126,5,185,03:19:20,Finisher,35-39
1127,1127,5,186,03:19:27,Finisher,40-44
1128,1128,5,187,03:19:34,Finisher,35-39
1129,1129,5,188,03:19:44,Finisher,20-34
1130,1130,5,189,03:20:48,Finisher,35-39
1131,1131,5,190,03:20:49,Finisher,35-39
1132,1132,5,190,03:20:49,Finisher,50-54
1133,1133,5,192,03:21:02,Finisher,40-44
1134,1134,5,193,03:21:05,Finisher,20-34
1135,1135,5,194,03:21:37,Finisher,20-34
1136,1136,5,195,03:21:43,Finisher,35-39
1137,1137,5,196,03:22:07,Finisher,20-34
1138,1138,5,197,03:22:25,Finisher,35-39
1139,1139,5,198,03:23:14,Finisher,20-34
1140,1140,5,199,03:23:39,Finisher,35-39
1141,1141,5,200,03:23:48,Finisher,60-64
1142,1142,5,201,03:23:56,Finisher,50-54
1143,1143,5,202,03:24:05,Finisher,20-34
1144,1144,5,203,03:24:25,Finisher,45-49
1145,1145,5,204,03:24:32,Finisher,45-49
1146,1146,5,205,03:24:55,Finisher,40-44
1147,1147,5,206,03:25:24,Finisher,40-44
1148,1148,5,207,03:25:25,Finisher,20-34
1149,1149,5,208,03:25:49,Finisher,20-34
1150,1150,5,209,03:26:44,Finisher,45-49
1151,1151,5,210,03:27:17,Finisher,20-34
1152,1152,5,211,03:27:38,Finisher,40-44
1153,1153,5,212,03:27:41,Finisher,40-44
1154,1154,5,213,03:27:55,Finisher,35-39
1155,1155,5,214,03:27:56,Finisher,40-44
1156,1156,5,215,03:27:58,Finisher,20-34
1157,1157,5,216,03:28:00,Finisher,45-49
1158,1158,5,217,03:28:02,Finisher,70-74
1159,1159,5,218,03:28:03,Finisher,20-34
1160,1160,5,219,03:28:04,Finisher,40-44
1161,1161,5,220,03:28:21,Finisher,40-44
1162,1162,5,221,03:28:41,Finisher,U20
1163,1163,5,222,03:28:51,Finisher,40-44
1164,1164,5,223,03:28:55,Finisher,U20
1165,1165,5,224,03:29:04,Finisher,50-54
1166,1166,5,225,03:29:19,Finisher,U18
1167,1167,5,226,03:29:26,Finisher,45-49
1168,1168,5,227,03:29:48,Finisher,60-64
1169,1169,5,228,03:30:10,Finisher,20-34
1170,1170,5,229,03:30:36,Finisher,65-69
1171,1171,5,230,03:31:13,Finisher,45-49
1172,1172,5,231,03:31:37,Finisher,35-39
1173,1173,5,232,03:32:17,Finisher,20-34
1174,1174,5,233,03:32:25,Finisher,40-44
1175,1175,5,234,03:32:40,Finisher,40-44
1176,1176,5,235,03:32:51,Finisher,40-44
1177,1177,5,236,03:32:57,Finisher,35-39
1178,1178,5,237,03:33:05,Finisher,35-39
1179,1179,5,238,03:33:38,Finisher,35-39
1180,1180,5,239,03:33:39,Finisher,60-64
1181,1181,5,240,03:34:12,Finisher,20-34
1182,1182,5,240,03:34:12,Finisher,35-39
1183,1183,5,242,03:34:29,Finisher,20-34
1184,1184,5,243,03:34:48,Finisher,70-74
1185,1185,5,244,03:35:02,Finisher,20-34
1186,1186,5,244,03:35:02,Finisher,60-64
1187,1187,5,246,03:35:20,Finisher,60-64
1188,1188,5,247,03:35:40,Finisher,20-34
1189,1189,5,248,03:35:52,Finisher,40-44
1190,1190,5,249,03:35:59,Finisher,20-34
1191,1191,5,250,03:36:18,Finisher,55-59
1192,1192,5,251,03:36:30,Finisher,45-49
1193,1193,5,252,03:36:34,Finisher,40-44
1194,1194,5,253,03:36:44,Finisher,20-34
1195,1195,5,254,03:36:56,Finisher,45-49
1196,1196,5,255,03:38:50,Finisher,20-34
1197,1197,5,256,03:40:19,Finisher,20-34
1198,1198,5,257,03:42:24,Finisher,20-34
1199,1199,5,258,03:44:22,Finisher,40-44
1200,1200,5,259,03:45:26,Finisher,20-34
1201,1201,5,260,03:47:44,Finisher,20-34
1202,1202,5,261,03:49:28,Finisher,45-49
1203,1203,5,262,03:50:34,Finisher,40-44
1204,1204,5,263,03:50:39,Finisher,20-34
1205,1205,5,264,03:51:22,Finisher,55-59
1206,1206,5,265,03:51:34,Finisher,20-34
1207,1207,5,266,03:51:50,Finisher,35-39
1208,1208,5,267,03:53:43,Finisher,45-49
1209,1209,5,268,03:54:03,Finisher,50-54
1210,1210,5,269,03:54:16,Finisher,50-54
1211,1211,5,270,03:55:22,Finisher,65-69
1212,1212,5,270,03:55:22,Finisher,20-34
1213,1213,5,272,03:55:41,Finisher,35-39
1214,1214,5,272,03:55:41,Finisher,35-39
1215,1215,5,272,03:55:41,Finisher,35-39
1216,1216,5,275,03:56:12,Finisher,45-49
1217,1217,5,276,03:57:05,Finisher,20-34
1218,1218,5,277,03:57:27,Finisher,45-49
1219,1219,5,278,03:57:48,Finisher,50-54
1220,1220,5,279,03:57:52,Finisher,20-34
1221,1221,5,280,03:58:18,Finisher,20-34
1222,1222,5,281,03:58:27,Finisher,45-49
1223,1223,5,282,03:58:34,Finisher,40-44
1224,1224,5,283,04:00:00,Finisher,50-54
1225,1225,5,284,04:00:42,Finisher,45-49
1226,1226,5,285,04:01:37,Finisher,45-49
1227,1227,5,286,04:05:30,Finisher,45-49
1228,1228,5,287,04:08:54,Finisher,20-34
1229,1229,5,288,04:09:15,Finisher,20-34
1230,1230,5,289,04:10:10,Finisher,45-49
1231,1231,5,290,04:10:23,Finisher,40-44
1232,1232,5,291,04:11:10,Finisher,45-49
1233,1233,5,292,04:11:19,Finisher,20-34
1234,1234,5,293,04:11:27,Finisher,45-49
1235,1235,5,294,04:12:23,Finisher,20-34
1236,1236,5,295,04:12:56,Finisher,20-34
1237,1237,5,296,04:13:00,Finisher,20-34
1238,1238,5,297,04:13:17,Finisher,50-54
1239,1239,5,298,04:13:26,Finisher,20-34
1240,1240,5,299,04:15:03,Finisher,20-34
1241,1241,5,300,04:15:53,Finisher,20-34
1242,1242,5,301,04:16:23,Finisher,40-44
1243,1243,5,302,04:16:36,Finisher,60-64
1244,1244,5,303,04:18:13,Finisher,55-59
1245,1245,5,304,04:18:36,Finisher,45-49
1246,1246,5,305,04:23:05,Finisher,50-54
1247,1247,5,306,04:23:48,Finisher,65-69
1248,1248,5,307,04:27:03,Finisher,20-34
1249,1249,5,308,04:27:58,Finisher,45-49
1250,1250,5,,00:00:00,DNF,55-59
1251,1251,5,,00:00:00,DNF,60-64
1252,1252,5,,00:00:00,DNF,40-44
1253,1253,5,,00:00:00,DNF,20-34
1254,1254,5,,00:00:00,DNF,20-34
1255,1255,5,,00:00:00,DNF,40-44
1256,1256,5,,00:00:00,DNF,20-34
1257,1257,5,,00:00:00,DNF,35-39
1258,1258,5,,00:00:00,DNF,20-34
1259,1259,5,,00:00:00,DNF,20-34
1260,1260,5,,00:00:00,DNF,20-34
1261,1261,5,,00:00:00,DNF,20-34
1262,1262,5,,00:00:00,DNF,20-34
1263,1263,6,1,00:54:59,Finisher,U20
1264,1264,6,2,01:00:10,Finisher,20-34
1265,1265,6,3,01:00:17,Finisher,35-39
1266,1266,6,4,01:00:29,Finisher,20-34
1267,1267,6,5,01:00:48,Finisher,20-34
1268,1268,6,6,01:03:32,Finisher,20-34
1269,1269,6,7,01:04:36,Finisher,U18
1270,1270,6,8,01:08:21,Finisher,45-49
1271,1271,6,9,01:08:27,Finisher,20-34
1272,1272,6,10,01:11:27,Finisher,40-44
1273,1273,6,11,01:12:23,Finisher,20-34
1274,1274,6,12,01:12:38,Finisher,U20
1275,1275,6,13,01:18:47,Finisher,20-34
1276,1276,6,14,01:19:42,Finisher,35-39
1277,1277,6,15,01:21:45,Finisher,35-39
1278,1278,6,16,01:22:41,Finisher,45-49
1279,1279,6,17,01:22:55,Finisher,20-34
1280,1280,6,18,01:24:28,Finisher,40-44
1281,1281,6,19,01:28:34,Finisher,20-34
1282,1282,6,20,01:28:35,Finisher,55-59
1283,1283,6,21,01:30:15,Finisher,35-39
1284,1284,6,22,01:31:04,Finisher,U20
1285,1285,6,23,01:32:45,Finisher,40-44
1286,1286,6,24,01:36:37,Finisher,20-34
1287,1287,6,25,01:37:01,Finisher,U18
1288,1288,6,26,01:37:47,Finisher,50-54
1289,1289,6,27,01:38:17,Finisher,50-54
1290,1290,6,28,01:38:51,Finisher,50-54
1291,1291,6,29,01:39:17,Finisher,35-39
1292,1292,6,30,01:39:21,Finisher,35-39
1293,1293,6,31,01:39:44,Finisher,U20
1294,1294,6,32,01:39:46,Finisher,40-44
1295,1295,6,33,01:40:04,Finisher,U20
1296,1296,6,34,01:40:15,Finisher,45-49
1297,1297,6,35,01:40:24,Finisher,40-44
1298,1298,6,36,01:40:45,Finisher,20-34
1299,1299,6,37,01:41:42,Finisher,U20
1300,1300,6,38,01:41:54,Finisher,20-34
1301,1301,6,38,01:41:54,Finisher,20-34
1302,1302,6,40,01:41:56,Finisher,65-69
1303,1303,6,41,01:42:04,Finisher,45-49
1304,1304,6,42,01:42:44,Finisher,40-44
1305,1305,6,43,01:42:58,Finisher,20-34
1306,1306,6,44,01:42:59,Finisher,20-34
1307,1307,6,45,01:43:09,Finisher,U18
1308,1308,6,46,01:44:10,Finisher,20-34
1309,1309,6,47,01:44:11,Finisher,20-34
1310,1310,6,48,01:44:24,Finisher,20-34
1311,1311,6,49,01:44:42,Finisher,45-49
1312,1312,6,50,01:46:39,Finisher,20-34
1313,1313,6,51,01:47:17,Finisher,40-44
1314,1314,6,52,01:47:55,Finisher,45-49
1315,1315,6,53,01:48:20,Finisher,50-54
1316,1316,6,54,01:48:34,Finisher,55-59
1317,1317,6,55,01:49:26,Finisher,60-64
1318,1318,6,55,01:49:26,Finisher,35-39
1319,1319,6,57,01:50:02,Finisher,45-49
1320,1320,6,58,01:50:07,Finisher,40-44
1321,1321,6,59,01:50:21,Finisher,40-44
1322,1322,6,60,01:50:30,Finisher,50-54
1323,1323,6,61,01:50:51,Finisher,35-39
1324,1324,6,62,01:51:01,Finisher,20-34
1325,1325,6,63,01:54:25,Finisher,60-64
1326,1326,6,64,01:54:33,Finisher,20-34
1327,1327,6,65,01:58:08,Finisher,35-39
1328,1328,6,66,01:58:09,Finisher,20-34
1329,1329,6,67,02:00:10,Finisher,20-34
1330,1330,6,68,02:00:18,Finisher,20-34
1331,1331,6,69,02:00:49,Finisher,35-39
1332,1332,6,70,02:00:52,Finisher,20-34
1333,1333,6,71,02:01:36,Finisher,40-44
1334,1334,6,72,02:02:06,Finisher,35-39
1335,1335,6,73,02:02:09,Finisher,55-59
1336,1336,6,74,02:03:41,Finisher,50-54
1337,1337,6,75,02:04:35,Finisher,U20
1338,1338,6,76,02:05:02,Finisher,20-34
1339,1339,6,77,02:05:55,Finisher,50-54
1340,1340,6,78,02:06:43,Finisher,20-34
1341,1341,6,79,02:07:49,Finisher,40-44
1342,1342,6,80,02:08:10,Finisher,50-54
1343,1343,6,81,02:08:34,Finisher,20-34
1344,1344,6,82,02:08:48,Finisher,35-39
1345,1345,6,83,02:09:03,Finisher,50-54
1346,1346,6,84,02:09:13,Finisher,20-34
1347,1347,6,85,02:09:18,Finisher,U20
1348,1348,6,86,02:09:51,Finisher,20-34
1349,1349,6,87,02:10:29,Finisher,35-39
1350,1350,6,88,02:10:36,Finisher,45-49
1351,1351,6,89,02:10:48,Finisher,50-54
1352,1352,6,90,02:10:55,Finisher,40-44
1353,1353,6,91,02:11:21,Finisher,50-54
1354,1354,6,92,02:11:32,Finisher,40-44
1355,1355,6,93,02:11:57,Finisher,55-59
1356,1356,6,94,02:12:14,Finisher,65-69
1357,1357,6,95,02:12:45,Finisher,50-54
1358,1358,6,95,02:12:45,Finisher,45-49
1359,1359,6,97,02:13:17,Finisher,60-64
1360,1360,6,98,02:13:23,Finisher,45-49
1361,1361,6,99,02:14:51,Finisher,20-34
1362,1362,6,100,02:14:57,Finisher,50-54
1363,1363,6,101,02:16:18,Finisher,40-44
1364,1364,6,102,02:17:27,Finisher,55-59
1365,1365,6,103,02:17:39,Finisher,45-49
1366,1366,6,104,02:18:09,Finisher,40-44
1367,1367,6,105,02:19:09,Finisher,55-59
1368,1368,6,106,02:20:18,Finisher,20-34
1369,1369,6,107,02:22:15,Finisher,50-54
1370,1370,6,108,02:22:16,Finisher,55-59
1371,1371,6,109,02:22:17,Finisher,20-34
1372,1372,6,110,02:23:55,Finisher,45-49
1373,1373,6,111,02:24:51,Finisher,20-34
1374,1374,6,112,02:26:13,Finisher,20-34
1375,1375,6,113,02:26:52,Finisher,45-49
1376,1376,6,114,02:27:06,Finisher,45-49
1377,1377,6,115,02:27:45,Finisher,20-34
1378,1378,6,116,02:28:03,Finisher,40-44
1379,1379,6,117,02:28:08,Finisher,50-54
1380,1380,6,118,02:28:29,Finisher,40-44
1381,1381,6,119,02:28:32,Finisher,40-44
1382,1382,6,120,02:29:00,Finisher,45-49
1383,1383,6,121,02:29:08,Finisher,70-74
1384,1384,6,122,02:29:24,Finisher,45-49
1385,1385,6,123,02:29:50,Finisher,20-34
1386,1386,6,124,02:29:51,Finisher,40-44
1387,1387,6,125,02:31:06,Finisher,20-34
1388,1388,6,125,02:31:06,Finisher,20-34
1389,1389,6,127,02:32:46,Finisher,60-64
1390,1390,6,128,02:33:09,Finisher,45-49
1391,1391,6,129,02:33:10,Finisher,45-49
1392,1392,6,130,02:34:01,Finisher,60-64
1393,1393,6,131,02:34:04,Finisher,75-79
1394,1394,6,132,02:35:18,Finisher,65-69
1395,1395,6,133,02:36:09,Finisher,20-34
1396,1396,6,134,02:42:09,Finisher,65-69
1397,1397,6,135,02:42:10,Finisher,20-34
1398,1398,6,135,02:42:10,Finisher,40-44
1399,1399,6,137,02:43:58,Finisher,55-59
1400,1400,6,138,02:44:15,Finisher,45-49
1401,1401,6,139,02:45:23,Finisher,20-34
1402,1402,6,139,02:45:23,Finisher,55-59
1403,1403,6,141,02:48:57,Finisher,45-49
1404,1404,6,142,02:49:30,Finisher,45-49
1405,1405,6,143,02:49:31,Finisher,35-39
1406,1406,6,144,02:52:27,Finisher,60-64
1407,1407,6,145,02:52:44,Finisher,65-69
1408,1408,6,146,02:54:01,Finisher,60-64
1409,1409,6,147,02:55:00,Finisher,20-34
1410,1410,6,148,03:00:08,Finisher,40-44
1411,1411,6,149,03:01:17,Finisher,40-44
1412,1412,6,150,03:10:09,Finisher,50-54
1413,1413,6,151,03:12:43,Finisher,20-34
1414,1414,6,152,03:34:27,Finisher,40-44
1415,1415,6,153,03:34:28,Finisher,50-54
1416,1416,6,,00:00:00,DNF,65-69
1417,1417,6,,00:00:00,DNF,20-34
1418,1418,6,,00:00:00,DNF,20-34
1419,1419,6,,00:00:00,DNF,35-39
1420,1420,6,,00:00:00,DNF,20-34
1421,1421,6,,00:00:00,DNF,50-54
1422,1422,6,,00:00:00,DNF,20-34
1423,1423,6,,00:00:00,DNF,55-59
1424,1424,6,,00:00:00,DNF,20-34
1425,1425,6,,00:00:00,DNF,45-49
